jax2tf_arg	checkpoint_variable	flax_name	shape
0	0	model/_Model_0/MAPHead_0/LayerNorm_0/bias	[768]
1	1	model/_Model_0/MAPHead_0/LayerNorm_0/scale	[768]
2	2	model/_Model_0/MAPHead_0/MlpBlock_0/Dense_0/bias	[3072]
3	3	model/_Model_0/MAPHead_0/MlpBlock_0/Dense_0/kernel	[768, 3072]
4	4	model/_Model_0/MAPHead_0/MlpBlock_0/Dense_1/bias	[768]
5	5	model/_Model_0/MAPHead_0/MlpBlock_0/Dense_1/kernel	[3072, 768]
6	6	model/_Model_0/MAPHead_0/MultiHeadDotProductAttention_0/key/bias	[12, 64]
7	7	model/_Model_0/MAPHead_0/MultiHeadDotProductAttention_0/key/kernel	[768, 12, 64]
8	8	model/_Model_0/MAPHead_0/MultiHeadDotProductAttention_0/out/bias	[768]
9	9	model/_Model_0/MAPHead_0/MultiHeadDotProductAttention_0/out/kernel	[12, 64, 768]
10	10	model/_Model_0/MAPHead_0/MultiHeadDotProductAttention_0/query/bias	[12, 64]
11	11	model/_Model_0/MAPHead_0/MultiHeadDotProductAttention_0/query/kernel	[768, 12, 64]
12	12	model/_Model_0/MAPHead_0/MultiHeadDotProductAttention_0/value/bias	[12, 64]
13	13	model/_Model_0/MAPHead_0/MultiHeadDotProductAttention_0/value/kernel	[768, 12, 64]
14	14	model/_Model_0/MAPHead_0/probe	[1, 1, 768]
15	15	model/_Model_0/Transformer/encoder_norm/bias	[768]
16	16	model/_Model_0/Transformer/encoder_norm/scale	[768]
17	17	model/_Model_0/Transformer/encoderblock_0/LayerNorm_0/bias	[768]
18	18	model/_Model_0/Transformer/encoderblock_0/LayerNorm_0/scale	[768]
19	19	model/_Model_0/Transformer/encoderblock_0/LayerNorm_1/bias	[768]
20	20	model/_Model_0/Transformer/encoderblock_0/LayerNorm_1/scale	[768]
21	21	model/_Model_0/Transformer/encoderblock_0/MlpBlock_0/Dense_0/bias	[3072]
22	22	model/_Model_0/Transformer/encoderblock_0/MlpBlock_0/Dense_0/kernel	[768, 3072]
23	23	model/_Model_0/Transformer/encoderblock_0/MlpBlock_0/Dense_1/bias	[768]
24	24	model/_Model_0/Transformer/encoderblock_0/MlpBlock_0/Dense_1/kernel	[3072, 768]
25	25	model/_Model_0/Transformer/encoderblock_0/MultiHeadDotProductAttention_0/key/bias	[12, 64]
26	26	model/_Model_0/Transformer/encoderblock_0/MultiHeadDotProductAttention_0/key/kernel	[768, 12, 64]
27	27	model/_Model_0/Transformer/encoderblock_0/MultiHeadDotProductAttention_0/out/bias	[768]
28	28	model/_Model_0/Transformer/encoderblock_0/MultiHeadDotProductAttention_0/out/kernel	[12, 64, 768]
29	29	model/_Model_0/Transformer/encoderblock_0/MultiHeadDotProductAttention_0/query/bias	[12, 64]
30	30	model/_Model_0/Transformer/encoderblock_0/MultiHeadDotProductAttention_0/query/kernel	[768, 12, 64]
31	31	model/_Model_0/Transformer/encoderblock_0/MultiHeadDotProductAttention_0/value/bias	[12, 64]
32	32	model/_Model_0/Transformer/encoderblock_0/MultiHeadDotProductAttention_0/value/kernel	[768, 12, 64]
33	33	model/_Model_0/Transformer/encoderblock_1/LayerNorm_0/bias	[768]
34	34	model/_Model_0/Transformer/encoderblock_1/LayerNorm_0/scale	[768]
35	35	model/_Model_0/Transformer/encoderblock_1/LayerNorm_1/bias	[768]
36	36	model/_Model_0/Transformer/encoderblock_1/LayerNorm_1/scale	[768]
37	37	model/_Model_0/Transformer/encoderblock_1/MlpBlock_0/Dense_0/bias	[3072]
38	38	model/_Model_0/Transformer/encoderblock_1/MlpBlock_0/Dense_0/kernel	[768, 3072]
39	39	model/_Model_0/Transformer/encoderblock_1/MlpBlock_0/Dense_1/bias	[768]
40	40	model/_Model_0/Transformer/encoderblock_1/MlpBlock_0/Dense_1/kernel	[3072, 768]
41	41	model/_Model_0/Transformer/encoderblock_1/MultiHeadDotProductAttention_0/key/bias	[12, 64]
42	42	model/_Model_0/Transformer/encoderblock_1/MultiHeadDotProductAttention_0/key/kernel	[768, 12, 64]
43	43	model/_Model_0/Transformer/encoderblock_1/MultiHeadDotProductAttention_0/out/bias	[768]
44	44	model/_Model_0/Transformer/encoderblock_1/MultiHeadDotProductAttention_0/out/kernel	[12, 64, 768]
45	45	model/_Model_0/Transformer/encoderblock_1/MultiHeadDotProductAttention_0/query/bias	[12, 64]
46	46	model/_Model_0/Transformer/encoderblock_1/MultiHeadDotProductAttention_0/query/kernel	[768, 12, 64]
47	47	model/_Model_0/Transformer/encoderblock_1/MultiHeadDotProductAttention_0/value/bias	[12, 64]
48	48	model/_Model_0/Transformer/encoderblock_1/MultiHeadDotProductAttention_0/value/kernel	[768, 12, 64]
49	49	model/_Model_0/Transformer/encoderblock_10/LayerNorm_0/bias	[768]
50	50	model/_Model_0/Transformer/encoderblock_10/LayerNorm_0/scale	[768]
51	51	model/_Model_0/Transformer/encoderblock_10/LayerNorm_1/bias	[768]
52	52	model/_Model_0/Transformer/encoderblock_10/LayerNorm_1/scale	[768]
53	53	model/_Model_0/Transformer/encoderblock_10/MlpBlock_0/Dense_0/bias	[3072]
54	54	model/_Model_0/Transformer/encoderblock_10/MlpBlock_0/Dense_0/kernel	[768, 3072]
55	55	model/_Model_0/Transformer/encoderblock_10/MlpBlock_0/Dense_1/bias	[768]
56	56	model/_Model_0/Transformer/encoderblock_10/MlpBlock_0/Dense_1/kernel	[3072, 768]
57	57	model/_Model_0/Transformer/encoderblock_10/MultiHeadDotProductAttention_0/key/bias	[12, 64]
58	58	model/_Model_0/Transformer/encoderblock_10/MultiHeadDotProductAttention_0/key/kernel	[768, 12, 64]
59	59	model/_Model_0/Transformer/encoderblock_10/MultiHeadDotProductAttention_0/out/bias	[768]
60	60	model/_Model_0/Transformer/encoderblock_10/MultiHeadDotProductAttention_0/out/kernel	[12, 64, 768]
61	61	model/_Model_0/Transformer/encoderblock_10/MultiHeadDotProductAttention_0/query/bias	[12, 64]
62	62	model/_Model_0/Transformer/encoderblock_10/MultiHeadDotProductAttention_0/query/kernel	[768, 12, 64]
63	63	model/_Model_0/Transformer/encoderblock_10/MultiHeadDotProductAttention_0/value/bias	[12, 64]
64	64	model/_Model_0/Transformer/encoderblock_10/MultiHeadDotProductAttention_0/value/kernel	[768, 12, 64]
65	65	model/_Model_0/Transformer/encoderblock_11/LayerNorm_0/bias	[768]
66	66	model/_Model_0/Transformer/encoderblock_11/LayerNorm_0/scale	[768]
67	67	model/_Model_0/Transformer/encoderblock_11/LayerNorm_1/bias	[768]
68	68	model/_Model_0/Transformer/encoderblock_11/LayerNorm_1/scale	[768]
69	69	model/_Model_0/Transformer/encoderblock_11/MlpBlock_0/Dense_0/bias	[3072]
70	70	model/_Model_0/Transformer/encoderblock_11/MlpBlock_0/Dense_0/kernel	[768, 3072]
71	71	model/_Model_0/Transformer/encoderblock_11/MlpBlock_0/Dense_1/bias	[768]
72	72	model/_Model_0/Transformer/encoderblock_11/MlpBlock_0/Dense_1/kernel	[3072, 768]
73	73	model/_Model_0/Transformer/encoderblock_11/MultiHeadDotProductAttention_0/key/bias	[12, 64]
74	74	model/_Model_0/Transformer/encoderblock_11/MultiHeadDotProductAttention_0/key/kernel	[768, 12, 64]
75	75	model/_Model_0/Transformer/encoderblock_11/MultiHeadDotProductAttention_0/out/bias	[768]
76	76	model/_Model_0/Transformer/encoderblock_11/MultiHeadDotProductAttention_0/out/kernel	[12, 64, 768]
77	77	model/_Model_0/Transformer/encoderblock_11/MultiHeadDotProductAttention_0/query/bias	[12, 64]
78	78	model/_Model_0/Transformer/encoderblock_11/MultiHeadDotProductAttention_0/query/kernel	[768, 12, 64]
79	79	model/_Model_0/Transformer/encoderblock_11/MultiHeadDotProductAttention_0/value/bias	[12, 64]
80	80	model/_Model_0/Transformer/encoderblock_11/MultiHeadDotProductAttention_0/value/kernel	[768, 12, 64]
81	81	model/_Model_0/Transformer/encoderblock_2/LayerNorm_0/bias	[768]
82	82	model/_Model_0/Transformer/encoderblock_2/LayerNorm_0/scale	[768]
83	83	model/_Model_0/Transformer/encoderblock_2/LayerNorm_1/bias	[768]
84	84	model/_Model_0/Transformer/encoderblock_2/LayerNorm_1/scale	[768]
85	85	model/_Model_0/Transformer/encoderblock_2/MlpBlock_0/Dense_0/bias	[3072]
86	86	model/_Model_0/Transformer/encoderblock_2/MlpBlock_0/Dense_0/kernel	[768, 3072]
87	87	model/_Model_0/Transformer/encoderblock_2/MlpBlock_0/Dense_1/bias	[768]
88	88	model/_Model_0/Transformer/encoderblock_2/MlpBlock_0/Dense_1/kernel	[3072, 768]
89	89	model/_Model_0/Transformer/encoderblock_2/MultiHeadDotProductAttention_0/key/bias	[12, 64]
90	90	model/_Model_0/Transformer/encoderblock_2/MultiHeadDotProductAttention_0/key/kernel	[768, 12, 64]
91	91	model/_Model_0/Transformer/encoderblock_2/MultiHeadDotProductAttention_0/out/bias	[768]
92	92	model/_Model_0/Transformer/encoderblock_2/MultiHeadDotProductAttention_0/out/kernel	[12, 64, 768]
93	93	model/_Model_0/Transformer/encoderblock_2/MultiHeadDotProductAttention_0/query/bias	[12, 64]
94	94	model/_Model_0/Transformer/encoderblock_2/MultiHeadDotProductAttention_0/query/kernel	[768, 12, 64]
95	95	model/_Model_0/Transformer/encoderblock_2/MultiHeadDotProductAttention_0/value/bias	[12, 64]
96	96	model/_Model_0/Transformer/encoderblock_2/MultiHeadDotProductAttention_0/value/kernel	[768, 12, 64]
97	97	model/_Model_0/Transformer/encoderblock_3/LayerNorm_0/bias	[768]
98	98	model/_Model_0/Transformer/encoderblock_3/LayerNorm_0/scale	[768]
99	99	model/_Model_0/Transformer/encoderblock_3/LayerNorm_1/bias	[768]
100	100	model/_Model_0/Transformer/encoderblock_3/LayerNorm_1/scale	[768]
101	101	model/_Model_0/Transformer/encoderblock_3/MlpBlock_0/Dense_0/bias	[3072]
102	102	model/_Model_0/Transformer/encoderblock_3/MlpBlock_0/Dense_0/kernel	[768, 3072]
103	103	model/_Model_0/Transformer/encoderblock_3/MlpBlock_0/Dense_1/bias	[768]
104	104	model/_Model_0/Transformer/encoderblock_3/MlpBlock_0/Dense_1/kernel	[3072, 768]
105	105	model/_Model_0/Transformer/encoderblock_3/MultiHeadDotProductAttention_0/key/bias	[12, 64]
106	106	model/_Model_0/Transformer/encoderblock_3/MultiHeadDotProductAttention_0/key/kernel	[768, 12, 64]
107	107	model/_Model_0/Transformer/encoderblock_3/MultiHeadDotProductAttention_0/out/bias	[768]
108	108	model/_Model_0/Transformer/encoderblock_3/MultiHeadDotProductAttention_0/out/kernel	[12, 64, 768]
109	109	model/_Model_0/Transformer/encoderblock_3/MultiHeadDotProductAttention_0/query/bias	[12, 64]
110	110	model/_Model_0/Transformer/encoderblock_3/MultiHeadDotProductAttention_0/query/kernel	[768, 12, 64]
111	111	model/_Model_0/Transformer/encoderblock_3/MultiHeadDotProductAttention_0/value/bias	[12, 64]
112	112	model/_Model_0/Transformer/encoderblock_3/MultiHeadDotProductAttention_0/value/kernel	[768, 12, 64]
113	113	model/_Model_0/Transformer/encoderblock_4/LayerNorm_0/bias	[768]
114	114	model/_Model_0/Transformer/encoderblock_4/LayerNorm_0/scale	[768]
115	115	model/_Model_0/Transformer/encoderblock_4/LayerNorm_1/bias	[768]
116	116	model/_Model_0/Transformer/encoderblock_4/LayerNorm_1/scale	[768]
117	117	model/_Model_0/Transformer/encoderblock_4/MlpBlock_0/Dense_0/bias	[3072]
118	118	model/_Model_0/Transformer/encoderblock_4/MlpBlock_0/Dense_0/kernel	[768, 3072]
119	119	model/_Model_0/Transformer/encoderblock_4/MlpBlock_0/Dense_1/bias	[768]
120	120	model/_Model_0/Transformer/encoderblock_4/MlpBlock_0/Dense_1/kernel	[3072, 768]
121	121	model/_Model_0/Transformer/encoderblock_4/MultiHeadDotProductAttention_0/key/bias	[12, 64]
122	122	model/_Model_0/Transformer/encoderblock_4/MultiHeadDotProductAttention_0/key/kernel	[768, 12, 64]
123	123	model/_Model_0/Transformer/encoderblock_4/MultiHeadDotProductAttention_0/out/bias	[768]
124	124	model/_Model_0/Transformer/encoderblock_4/MultiHeadDotProductAttention_0/out/kernel	[12, 64, 768]
125	125	model/_Model_0/Transformer/encoderblock_4/MultiHeadDotProductAttention_0/query/bias	[12, 64]
126	126	model/_Model_0/Transformer/encoderblock_4/MultiHeadDotProductAttention_0/query/kernel	[768, 12, 64]
127	127	model/_Model_0/Transformer/encoderblock_4/MultiHeadDotProductAttention_0/value/bias	[12, 64]
128	128	model/_Model_0/Transformer/encoderblock_4/MultiHeadDotProductAttention_0/value/kernel	[768, 12, 64]
129	129	model/_Model_0/Transformer/encoderblock_5/LayerNorm_0/bias	[768]
130	130	model/_Model_0/Transformer/encoderblock_5/LayerNorm_0/scale	[768]
131	131	model/_Model_0/Transformer/encoderblock_5/LayerNorm_1/bias	[768]
132	132	model/_Model_0/Transformer/encoderblock_5/LayerNorm_1/scale	[768]
133	133	model/_Model_0/Transformer/encoderblock_5/MlpBlock_0/Dense_0/bias	[3072]
134	134	model/_Model_0/Transformer/encoderblock_5/MlpBlock_0/Dense_0/kernel	[768, 3072]
135	135	model/_Model_0/Transformer/encoderblock_5/MlpBlock_0/Dense_1/bias	[768]
136	136	model/_Model_0/Transformer/encoderblock_5/MlpBlock_0/Dense_1/kernel	[3072, 768]
137	137	model/_Model_0/Transformer/encoderblock_5/MultiHeadDotProductAttention_0/key/bias	[12, 64]
138	138	model/_Model_0/Transformer/encoderblock_5/MultiHeadDotProductAttention_0/key/kernel	[768, 12, 64]
139	139	model/_Model_0/Transformer/encoderblock_5/MultiHeadDotProductAttention_0/out/bias	[768]
140	140	model/_Model_0/Transformer/encoderblock_5/MultiHeadDotProductAttention_0/out/kernel	[12, 64, 768]
141	141	model/_Model_0/Transformer/encoderblock_5/MultiHeadDotProductAttention_0/query/bias	[12, 64]
142	142	model/_Model_0/Transformer/encoderblock_5/MultiHeadDotProductAttention_0/query/kernel	[768, 12, 64]
143	143	model/_Model_0/Transformer/encoderblock_5/MultiHeadDotProductAttention_0/value/bias	[12, 64]
144	144	model/_Model_0/Transformer/encoderblock_5/MultiHeadDotProductAttention_0/value/kernel	[768, 12, 64]
145	145	model/_Model_0/Transformer/encoderblock_6/LayerNorm_0/bias	[768]
146	146	model/_Model_0/Transformer/encoderblock_6/LayerNorm_0/scale	[768]
147	147	model/_Model_0/Transformer/encoderblock_6/LayerNorm_1/bias	[768]
148	148	model/_Model_0/Transformer/encoderblock_6/LayerNorm_1/scale	[768]
149	149	model/_Model_0/Transformer/encoderblock_6/MlpBlock_0/Dense_0/bias	[3072]
150	150	model/_Model_0/Transformer/encoderblock_6/MlpBlock_0/Dense_0/kernel	[768, 3072]
151	151	model/_Model_0/Transformer/encoderblock_6/MlpBlock_0/Dense_1/bias	[768]
152	152	model/_Model_0/Transformer/encoderblock_6/MlpBlock_0/Dense_1/kernel	[3072, 768]
153	153	model/_Model_0/Transformer/encoderblock_6/MultiHeadDotProductAttention_0/key/bias	[12, 64]
154	154	model/_Model_0/Transformer/encoderblock_6/MultiHeadDotProductAttention_0/key/kernel	[768, 12, 64]
155	155	model/_Model_0/Transformer/encoderblock_6/MultiHeadDotProductAttention_0/out/bias	[768]
156	156	model/_Model_0/Transformer/encoderblock_6/MultiHeadDotProductAttention_0/out/kernel	[12, 64, 768]
157	157	model/_Model_0/Transformer/encoderblock_6/MultiHeadDotProductAttention_0/query/bias	[12, 64]
158	158	model/_Model_0/Transformer/encoderblock_6/MultiHeadDotProductAttention_0/query/kernel	[768, 12, 64]
159	159	model/_Model_0/Transformer/encoderblock_6/MultiHeadDotProductAttention_0/value/bias	[12, 64]
160	160	model/_Model_0/Transformer/encoderblock_6/MultiHeadDotProductAttention_0/value/kernel	[768, 12, 64]
161	161	model/_Model_0/Transformer/encoderblock_7/LayerNorm_0/bias	[768]
162	162	model/_Model_0/Transformer/encoderblock_7/LayerNorm_0/scale	[768]
163	163	model/_Model_0/Transformer/encoderblock_7/LayerNorm_1/bias	[768]
164	164	model/_Model_0/Transformer/encoderblock_7/LayerNorm_1/scale	[768]
165	165	model/_Model_0/Transformer/encoderblock_7/MlpBlock_0/Dense_0/bias	[3072]
166	166	model/_Model_0/Transformer/encoderblock_7/MlpBlock_0/Dense_0/kernel	[768, 3072]
167	167	model/_Model_0/Transformer/encoderblock_7/MlpBlock_0/Dense_1/bias	[768]
168	168	model/_Model_0/Transformer/encoderblock_7/MlpBlock_0/Dense_1/kernel	[3072, 768]
169	169	model/_Model_0/Transformer/encoderblock_7/MultiHeadDotProductAttention_0/key/bias	[12, 64]
170	170	model/_Model_0/Transformer/encoderblock_7/MultiHeadDotProductAttention_0/key/kernel	[768, 12, 64]
171	171	model/_Model_0/Transformer/encoderblock_7/MultiHeadDotProductAttention_0/out/bias	[768]
172	172	model/_Model_0/Transformer/encoderblock_7/MultiHeadDotProductAttention_0/out/kernel	[12, 64, 768]
173	173	model/_Model_0/Transformer/encoderblock_7/MultiHeadDotProductAttention_0/query/bias	[12, 64]
174	174	model/_Model_0/Transformer/encoderblock_7/MultiHeadDotProductAttention_0/query/kernel	[768, 12, 64]
175	175	model/_Model_0/Transformer/encoderblock_7/MultiHeadDotProductAttention_0/value/bias	[12, 64]
176	176	model/_Model_0/Transformer/encoderblock_7/MultiHeadDotProductAttention_0/value/kernel	[768, 12, 64]
177	177	model/_Model_0/Transformer/encoderblock_8/LayerNorm_0/bias	[768]
178	178	model/_Model_0/Transformer/encoderblock_8/LayerNorm_0/scale	[768]
179	179	model/_Model_0/Transformer/encoderblock_8/LayerNorm_1/bias	[768]
180	180	model/_Model_0/Transformer/encoderblock_8/LayerNorm_1/scale	[768]
181	181	model/_Model_0/Transformer/encoderblock_8/MlpBlock_0/Dense_0/bias	[3072]
182	182	model/_Model_0/Transformer/encoderblock_8/MlpBlock_0/Dense_0/kernel	[768, 3072]
183	183	model/_Model_0/Transformer/encoderblock_8/MlpBlock_0/Dense_1/bias	[768]
184	184	model/_Model_0/Transformer/encoderblock_8/MlpBlock_0/Dense_1/kernel	[3072, 768]
185	185	model/_Model_0/Transformer/encoderblock_8/MultiHeadDotProductAttention_0/key/bias	[12, 64]
186	186	model/_Model_0/Transformer/encoderblock_8/MultiHeadDotProductAttention_0/key/kernel	[768, 12, 64]
187	187	model/_Model_0/Transformer/encoderblock_8/MultiHeadDotProductAttention_0/out/bias	[768]
188	188	model/_Model_0/Transformer/encoderblock_8/MultiHeadDotProductAttention_0/out/kernel	[12, 64, 768]
189	189	model/_Model_0/Transformer/encoderblock_8/MultiHeadDotProductAttention_0/query/bias	[12, 64]
190	190	model/_Model_0/Transformer/encoderblock_8/MultiHeadDotProductAttention_0/query/kernel	[768, 12, 64]
191	191	model/_Model_0/Transformer/encoderblock_8/MultiHeadDotProductAttention_0/value/bias	[12, 64]
192	192	model/_Model_0/Transformer/encoderblock_8/MultiHeadDotProductAttention_0/value/kernel	[768, 12, 64]
193	193	model/_Model_0/Transformer/encoderblock_9/LayerNorm_0/bias	[768]
194	194	model/_Model_0/Transformer/encoderblock_9/LayerNorm_0/scale	[768]
195	195	model/_Model_0/Transformer/encoderblock_9/LayerNorm_1/bias	[768]
196	196	model/_Model_0/Transformer/encoderblock_9/LayerNorm_1/scale	[768]
197	197	model/_Model_0/Transformer/encoderblock_9/MlpBlock_0/Dense_0/bias	[3072]
198	198	model/_Model_0/Transformer/encoderblock_9/MlpBlock_0/Dense_0/kernel	[768, 3072]
199	199	model/_Model_0/Transformer/encoderblock_9/MlpBlock_0/Dense_1/bias	[768]
200	200	model/_Model_0/Transformer/encoderblock_9/MlpBlock_0/Dense_1/kernel	[3072, 768]
201	201	model/_Model_0/Transformer/encoderblock_9/MultiHeadDotProductAttention_0/key/bias	[12, 64]
202	202	model/_Model_0/Transformer/encoderblock_9/MultiHeadDotProductAttention_0/key/kernel	[768, 12, 64]
203	203	model/_Model_0/Transformer/encoderblock_9/MultiHeadDotProductAttention_0/out/bias	[768]
204	204	model/_Model_0/Transformer/encoderblock_9/MultiHeadDotProductAttention_0/out/kernel	[12, 64, 768]
205	205	model/_Model_0/Transformer/encoderblock_9/MultiHeadDotProductAttention_0/query/bias	[12, 64]
206	206	model/_Model_0/Transformer/encoderblock_9/MultiHeadDotProductAttention_0/query/kernel	[768, 12, 64]
207	207	model/_Model_0/Transformer/encoderblock_9/MultiHeadDotProductAttention_0/value/bias	[12, 64]
208	208	model/_Model_0/Transformer/encoderblock_9/MultiHeadDotProductAttention_0/value/kernel	[768, 12, 64]
209	209	model/_Model_0/embedding/bias	[768]
210	210	model/_Model_0/embedding/kernel	[16, 16, 3, 768]
211	211	model/_Model_0/pos_embedding	[1, 196, 768]
212	212	triplet_head/bias	[1024]
213	213	triplet_head/kernel	[768, 1024]
214	214	i1k_head/norm/bias	[768]
215	215	i1k_head/norm/scale	[768]
216	216	i1k_head/dense/bias	[1000]
217	217	i1k_head/dense/kernel	[768, 1000]
